Name,City,StateProvinceName,CountryRegionName,SalesPersonID,FirstName,MiddleName,LastName
Finer Sales and Service,Ottawa,Ontario,Canada,282,José,Edvaldo,Saraiva
Finer Riding Supplies,Burnaby,British Columbia,Canada,282,José,Edvaldo,Saraiva
Stylish Department Stores,Miami,Florida,United States,279,Tsvi,Michael,Reiter
Favorite Toy Distributor,Paris,Seine (Paris),France,290,Ranjit,R,Varkey Chudukatil
Sports Sales and Rental,Millington,Tennessee,United States,279,Tsvi,Michael,Reiter
Closeout Boutique,Seattle,Washington,United States,283,David,R,Campbell
Self-Contained Cycle Parts Company,Verrieres Le Buisson,Essonne,France,290,Ranjit,R,Varkey Chudukatil
Ultimate Bicycle Company,Morangis,Essonne,France,290,Ranjit,R,Varkey Chudukatil
Local Sales and Rental,Joliet,Illinois,United States,277,Jillian,NULL,Carson
Roadway Bicycle Supply,Courbevoie,Hauts de Seine,France,290,Ranjit,R,Varkey Chudukatil
Engineered Bike Systems,Oxnard,California,United States,281,Shu,K,Ito
Only Bikes and Accessories,New York,New York,United States,275,Michael,G,Blythe
Orange Bicycle Company,Peoria,Illinois,United States,277,Jillian,NULL,Carson
Advanced Bike Components,Irving,Texas,United States,277,Jillian,NULL,Carson
Center Cycle Shop,Bothell,Washington,United States,280,Pamela,O,Ansman-Wolfe
Basic Bike Company,Port Orchard,Washington,United States,283,David,R,Campbell
Modular Cycle Systems,Austin,Texas,United States,277,Jillian,NULL,Carson
Outdoor Toy Store,Aujan Mournede,Gers,France,290,Ranjit,R,Varkey Chudukatil
Sample Bike Store,Denver,Colorado,United States,276,Linda,C,Mitchell
Petroleum Products Distributors,Montreal,Quebec,Canada,282,José,Edvaldo,Saraiva
Eighty Toy Stores,Mcdonough,Georgia,United States,279,Tsvi,Michael,Reiter
Executive Discount Store,Miami,Florida,United States,279,Tsvi,Michael,Reiter
Racing Tours,Sèvres,Hauts de Seine,France,290,Ranjit,R,Varkey Chudukatil
Wheels Inc.,Paris,Seine (Paris),France,290,Ranjit,R,Varkey Chudukatil
Major Amusement Company,Orly,Val de Marne,France,290,Ranjit,R,Varkey Chudukatil
Brand New Bikes,Les Ulis,Essonne,France,290,Ranjit,R,Varkey Chudukatil
Instant Cycle Store,Colombes,Hauts de Seine,France,290,Ranjit,R,Varkey Chudukatil
The Bike Outlet,Pantin,Seine Saint Denis,France,290,Ranjit,R,Varkey Chudukatil
First Center,Pantin,Seine Saint Denis,France,290,Ranjit,R,Varkey Chudukatil
Fitness Toy Store,Garland,Texas,United States,277,Jillian,NULL,Carson
Outdoor Distributors,Farmington,Connecticut,United States,275,Michael,G,Blythe
Racing Bike Outlet,Federal Way,Washington,United States,283,David,R,Campbell
A Bike Store,Seattle,Washington,United States,280,Pamela,O,Ansman-Wolfe
Ideal Components,Cloverdale,South Australia,Australia,286,Lynn,N,Tsoflias
Active Transport Inc.,North Randall,Ohio,United States,275,Michael,G,Blythe
Inexpensive Parts Shop,North Sydney,New South Wales,Australia,286,Lynn,N,Tsoflias
Twin Cycles,Darlinghurst,New South Wales,Australia,286,Lynn,N,Tsoflias
Cycle Clearance,Albany,Oregon,United States,280,Pamela,O,Ansman-Wolfe
Mechanical Products Ltd.,San Diego,California,United States,281,Shu,K,Ito
Vintage Sport Boutique,Idaho Falls,Idaho,United States,283,David,R,Campbell
Bikes and Motorbikes,Toronto,Ontario,Canada,278,Garrett,R,Vargas
Imported and Domestic Cycles,North Las Vegas,Nevada,United States,276,Linda,C,Mitchell
Social Activities Club,San Antonio,Texas,United States,277,Jillian,NULL,Carson
The Gear Store,Houston,Texas,United States,277,Jillian,NULL,Carson
Certified Bicycle Supply,Lynnwood,Washington,United States,280,Pamela,O,Ansman-Wolfe
Widget Bicycle Specialists,Clearwater,Florida,United States,279,Tsvi,Michael,Reiter
Consolidated Messenger,Toronto,Ontario,Canada,278,Garrett,R,Vargas
Budget Toy Store,Lavender Bay,New South Wales,Australia,286,Lynn,N,Tsoflias
Gasless Cycle Shop,Toronto,Ontario,Canada,278,Garrett,R,Vargas
Shipping Specialists,London,England,United Kingdom,289,Jae,B,Pak
Touring Services,Myrtle Beach,South Carolina,United States,279,Tsvi,Michael,Reiter
This Area Sporting Goods,Chicago,Illinois,United States,277,Jillian,NULL,Carson
Leather and Vinyl Manufacturing,Indianapolis,Indiana,United States,275,Michael,G,Blythe
Recommended Bicycles,Mississauga,Ontario,Canada,278,Garrett,R,Vargas
Eighth Bike Store,El Segundo,California,United States,281,Shu,K,Ito
Third Bike Store,Dallas,Texas,United States,277,Jillian,NULL,Carson
"Health Spa, Limited",Toronto,Ontario,Canada,282,José,Edvaldo,Saraiva
Metro Bike Works,Detroit,Michigan,United States,275,Michael,G,Blythe
Distant Inn,Milpitas,California,United States,281,Shu,K,Ito
Finer Cycle Shop,Calgary,Alberta,Canada,278,Garrett,R,Vargas
Seaside Bike Works,North Sydney,New South Wales,Australia,286,Lynn,N,Tsoflias
Fifth Bike Store,Everett,Washington,United States,283,David,R,Campbell
Efficient Cycling,Calgary,Alberta,Canada,282,José,Edvaldo,Saraiva
Travel Systems,North Sioux City,South Dakota,United States,277,Jillian,NULL,Carson
Optimal Bikes,Campbellsville,Kentucky,United States,279,Tsvi,Michael,Reiter
Certified Sports Supply,Richmond,British Columbia,Canada,282,José,Edvaldo,Saraiva
Metro Cycle Shop,Tacoma,Washington,United States,283,David,R,Campbell
Superior Hardware Distributors,Beaverton,Oregon,United States,283,David,R,Campbell
Best o' Bikes,Saint Louis,Missouri,United States,277,Jillian,NULL,Carson
Go-cart and Bike Specialists,Carrollton,Texas,United States,277,Jillian,NULL,Carson
District Mall,Ferguson,Missouri,United States,277,Jillian,NULL,Carson
Custom Accessories Company,Brampton,Ontario,Canada,278,Garrett,R,Vargas
West Side Mart,Wokingham,England,United Kingdom,289,Jae,B,Pak
Retail Discount Store,Montreal,Quebec,Canada,282,José,Edvaldo,Saraiva
Demand Distributors,Wenatchee,Washington,United States,283,David,R,Campbell
Corner Bicycle Supply,Toronto,Ontario,Canada,282,José,Edvaldo,Saraiva
All Cycle Shop,Bothell,Washington,United States,280,Pamela,O,Ansman-Wolfe
Racing Partners,Calgary,Alberta,Canada,282,José,Edvaldo,Saraiva
Gear-Shift Bikes Limited,Calgary,Alberta,Canada,282,José,Edvaldo,Saraiva
Transport Bikes,Sandy,Utah,United States,281,Shu,K,Ito
Trailblazing Sports,Cerritos,California,United States,281,Shu,K,Ito
Futuristic Bikes,Culver City,California,United States,281,Shu,K,Ito
Top Sports Supply,Edmonton,Alberta,Canada,282,José,Edvaldo,Saraiva
Leading Sales & Repair,West Chicago,Illinois,United States,277,Jillian,NULL,Carson
Finish and Sealant Products,San Bruno,California,United States,281,Shu,K,Ito
Grown-up Bike Store,Springdale,Ohio,United States,275,Michael,G,Blythe
Mercantile Outlet,Toronto,Ontario,Canada,282,José,Edvaldo,Saraiva
Rental Gallery,Lavender Bay,New South Wales,Australia,286,Lynn,N,Tsoflias
Up-To-Date Sports,Markham,Ontario,Canada,282,José,Edvaldo,Saraiva
Satin Finish Company,Corpus Christi,Texas,United States,277,Jillian,NULL,Carson
Toy Manufacturing Inc,Surrey,British Columbia,Canada,278,Garrett,R,Vargas
Metro Metals Co.,London,England,United Kingdom,289,Jae,B,Pak
Machines & Cycles Store,Montreal,Quebec,Canada,278,Garrett,R,Vargas
Games and Sport Supply Company,Huntsville,Alabama,United States,279,Tsvi,Michael,Reiter
First Cycle Store,Scottsdale,Arizona,United States,281,Shu,K,Ito
Curbside Universe,Euclid,Ohio,United States,275,Michael,G,Blythe
Out-of-the-Way Hotels,Wood Dale,Illinois,United States,277,Jillian,NULL,Carson
Discount Bicycle Specialists,Wood Dale,Illinois,United States,277,Jillian,NULL,Carson
Finer Parts Shop,Kirkland,Washington,United States,283,David,R,Campbell
Riding Associates,Puyallup,Washington,United States,280,Pamela,O,Ansman-Wolfe
Valley Toy Store,Richmond,British Columbia,Canada,282,José,Edvaldo,Saraiva
Sample Bike Store,Denver,Colorado,United States,276,Linda,C,Mitchell
Kickstands and Accessories Company,Medford,Oregon,United States,280,Pamela,O,Ansman-Wolfe
Sheet Metal Manufacturing,College Station,Texas,United States,277,Jillian,NULL,Carson
General Department Stores,Calgary,Alberta,Canada,278,Garrett,R,Vargas
Economic Parts Supply,West Kingston,Rhode Island,United States,275,Michael,G,Blythe
Work and Play Association,Southgate,Michigan,United States,275,Michael,G,Blythe
Odometers and Accessories Company,Richmond,British Columbia,Canada,278,Garrett,R,Vargas
Professional Containers and Packaging Co.,Surprise,Arizona,United States,281,Shu,K,Ito
Sports Commodities,Woodinville,Washington,United States,283,David,R,Campbell
Designated Distributors,Nepean,Ontario,Canada,282,José,Edvaldo,Saraiva
First Department Stores,Cheyenne,Wyoming,United States,283,David,R,Campbell
"Bike Goods ",North Miami Beach,Florida,United States,279,Tsvi,Michael,Reiter
Retail Mall,Richmond,British Columbia,Canada,282,José,Edvaldo,Saraiva
Professional Cyclists,Toronto,Ontario,Canada,282,José,Edvaldo,Saraiva
Spoke Manufacturers,Miami,Florida,United States,279,Tsvi,Michael,Reiter
Trendy Department Stores,Fontana,California,United States,281,Shu,K,Ito
Bike Part Wholesalers,Sydney,New South Wales,Australia,286,Lynn,N,Tsoflias
Jumbo Bikes,Malabar,New South Wales,Australia,286,Lynn,N,Tsoflias
Outdoor Aerobic Systems Company,London,England,United Kingdom,289,Jae,B,Pak
Every Bike Shop,La Vergne,Tennessee,United States,279,Tsvi,Michael,Reiter
Purple Bicycle Company,Scarborough,Ontario,Canada,282,José,Edvaldo,Saraiva
Fad Outlet,Portland,Oregon,United States,280,Pamela,O,Ansman-Wolfe
Metro Manufacturing,Weston,Ontario,Canada,282,José,Edvaldo,Saraiva
Swift Cycles,Houston,Texas,United States,277,Jillian,NULL,Carson
Systematic Sales,Gilbert,Arizona,United States,281,Shu,K,Ito
Custom Sales and Service,Surrey,British Columbia,Canada,282,José,Edvaldo,Saraiva
First-Rate Outlet,Victoria,British Columbia,Canada,278,Garrett,R,Vargas
Westside Cycle Store,Elgin,Illinois,United States,277,Jillian,NULL,Carson
Rewarding Activities Company,Etobicoke,Ontario,Canada,278,Garrett,R,Vargas
Urban Sports Emporium,Toronto,Ontario,Canada,282,José,Edvaldo,Saraiva
Downtown Hotel,Fernley,Nevada,United States,281,Shu,K,Ito
More Bikes!,Santa Ana,California,United States,276,Linda,C,Mitchell
Rally Day Mall,Miami,Florida,United States,279,Tsvi,Michael,Reiter
Strenuous Exercise Shop,Norwalk,California,United States,276,Linda,C,Mitchell
Tread Industries,Orlando,Florida,United States,279,Tsvi,Michael,Reiter
Roadway Supplies,Riverton,Utah,United States,281,Shu,K,Ito
Volume Bike Sellers,Alexandria,New South Wales,Australia,286,Lynn,N,Tsoflias
Tires and Tubes,Cheyenne,Wyoming,United States,280,Pamela,O,Ansman-Wolfe
Family Entertainment Center,Clackamas,Oregon,United States,280,Pamela,O,Ansman-Wolfe
Original Bicycle Supply Company,Toronto,Ontario,Canada,282,José,Edvaldo,Saraiva
Operational Manufacturing,Dorval,Quebec,Canada,278,Garrett,R,Vargas
Tubeless Tire Company,Oxford,England,United Kingdom,289,Jae,B,Pak
Commuter Bicycle Store,Toronto,Ontario,Canada,282,José,Edvaldo,Saraiva
Field Trip Store,Loveland,Colorado,United States,276,Linda,C,Mitchell
Frugal Bike Shop,Salt Lake City,Utah,United States,281,Shu,K,Ito
Metallic Paint and Overcoat Co,Vista,California,United States,281,Shu,K,Ito
Front Sporting Goods,Redmond,Washington,United States,280,Pamela,O,Ansman-Wolfe
Kids and Adults Cycle Shop,North Sydney,New South Wales,Australia,286,Lynn,N,Tsoflias
Non-Slip Pedal Company,Toronto,Ontario,Canada,282,José,Edvaldo,Saraiva
Mountain Emporium,Nashville,Tennessee,United States,279,Tsvi,Michael,Reiter
Scooters and Bikes Store,Beaverton,Oregon,United States,280,Pamela,O,Ansman-Wolfe
Year-Round Sports,Kent,Washington,United States,283,David,R,Campbell
Eleventh Bike Store,Westport,Connecticut,United States,275,Michael,G,Blythe
Curbside Sporting Goods,Walnut Creek,California,United States,281,Shu,K,Ito
Transportation Options,Calgary,Alberta,Canada,282,José,Edvaldo,Saraiva
Safe Cycles Shop,Bellevue,Washington,United States,283,David,R,Campbell
Family's Favorite Bike Shop,Montreal,Quebec,Canada,278,Garrett,R,Vargas
Central Discount Store,Kent,Washington,United States,283,David,R,Campbell
Registered Cycle Store,Orleans,Loiret,France,290,Ranjit,R,Varkey Chudukatil
Safe Cycles Shop,Bellevue,Washington,United States,283,David,R,Campbell
Family's Favorite Bike Shop,Montreal,Quebec,Canada,278,Garrett,R,Vargas
Finer Sporting Goods,Croix,Nord,France,290,Ranjit,R,Varkey Chudukatil
Road Way Sales and Rental,Vancouver,British Columbia,Canada,282,José,Edvaldo,Saraiva
Gears and Parts Company,Milsons Point,New South Wales,Australia,286,Lynn,N,Tsoflias
Racing Store,Les Ulis,Essonne,France,290,Ranjit,R,Varkey Chudukatil
General Cycle Storehouse,Burnaby,British Columbia,Canada,278,Garrett,R,Vargas
City Manufacturing,Shelton,Washington,United States,280,Pamela,O,Ansman-Wolfe
World Bike Discount Store,Trabuco Canyon,California,United States,276,Linda,C,Mitchell
Mail Market,York,England,United Kingdom,289,Jae,B,Pak
Spare Parts Co.,Paris,Seine (Paris),France,290,Ranjit,R,Varkey Chudukatil
Progressive Sports,Renton,Washington,United States,283,David,R,Campbell
Basic Sports Equipment,Baldwin Park,California,United States,276,Linda,C,Mitchell
The Bike Shop,Puyallup,Washington,United States,283,David,R,Campbell
General Associates,Hollywood,Florida,United States,279,Tsvi,Michael,Reiter
Metal Clearing House,Toronto,Ontario,Canada,282,José,Edvaldo,Saraiva
Online Bike Warehouse,Aurora,Ontario,Canada,282,José,Edvaldo,Saraiva
Spa and Exercise Outfitters,Cergy,Val d'Oise,France,290,Ranjit,R,Varkey Chudukatil
Alternative Vehicles,Washougal,Washington,United States,280,Pamela,O,Ansman-Wolfe
Tandem Bicycle Store,Millington,Tennessee,United States,279,Tsvi,Michael,Reiter
Impervious Paint Company,Paris,Seine (Paris),France,290,Ranjit,R,Varkey Chudukatil
Cycles Sales and Repair,Bobigny,Seine Saint Denis,France,290,Ranjit,R,Varkey Chudukatil
Synthetic Materials Manufacturing,Tacoma,Washington,United States,280,Pamela,O,Ansman-Wolfe
Two Bike Shops,Puyallup,Washington,United States,280,Pamela,O,Ansman-Wolfe
Ace Bicycle Supply,Paris,Seine (Paris),France,290,Ranjit,R,Varkey Chudukatil
Community Department Stores,Boulogne-sur-Mer,Pas de Calais,France,290,Ranjit,R,Varkey Chudukatil
Hiatus Bike Tours,Paris,Seine (Paris),France,290,Ranjit,R,Varkey Chudukatil
Recreation Toy Store,Paris La Defense,Hauts de Seine,France,290,Ranjit,R,Varkey Chudukatil
Full Sports Supply,Paris,Seine (Paris),France,290,Ranjit,R,Varkey Chudukatil
Unique Bikes,Milwaukee,Wisconsin,United States,277,Jillian,NULL,Carson
Area Sheet Metal Supply,London,England,United Kingdom,289,Jae,B,Pak
New and Used Bicycles,Winston-Salem,North Carolina,United States,279,Tsvi,Michael,Reiter
Aerobic Exercise Company,Camarillo,California,United States,276,Linda,C,Mitchell
Principal Bicycle Supply,Mobile,Alabama,United States,279,Tsvi,Michael,Reiter
Handy Bike Services,Madison Heights,Michigan,United States,275,Michael,G,Blythe
Camping and Sports Store,Vancouver,British Columbia,Canada,282,José,Edvaldo,Saraiva
Mail-Order Outlet,Ellensburg,Washington,United States,280,Pamela,O,Ansman-Wolfe
Bicycle Merchandise Warehouse,Santa Monica,California,United States,281,Shu,K,Ito
Imaginary Toys,Spokane,Washington,United States,280,Pamela,O,Ansman-Wolfe
Nationwide Supply,Rhodes,New South Wales,Australia,286,Lynn,N,Tsoflias
Professional Sporting Goods,Michigan City,Indiana,United States,275,Michael,G,Blythe
Local Hardware Factory,Chicago,Illinois,United States,277,Jillian,NULL,Carson
Retirement Activities Association,Atlanta,Georgia,United States,279,Tsvi,Michael,Reiter
Latest Sports Equipment,Seattle,Washington,United States,283,David,R,Campbell
Weekend Tours,Fort Wayne,Indiana,United States,275,Michael,G,Blythe
Better Bike Shop,Austell,Georgia,United States,279,Tsvi,Michael,Reiter
Lots of Bikes Storehouse,Carol Stream,Illinois,United States,277,Jillian,NULL,Carson
General Riding Supplies,Richmond,British Columbia,Canada,278,Garrett,R,Vargas
Separate Parts Corporation,Monrovia,California,United States,281,Shu,K,Ito
The Showroom,Kanata,Ontario,Canada,282,José,Edvaldo,Saraiva
"Sleek Bikes ",Denby,South Dakota,United States,277,Jillian,NULL,Carson
Healthy Activity Store,Newport Beach,California,United States,276,Linda,C,Mitchell
Grand Cycle Store,Spokane,Washington,United States,283,David,R,Campbell
One-Piece Handle Bars,Tupelo,Mississippi,United States,279,Tsvi,Michael,Reiter
Farthest Bike Store,Burnaby,British Columbia,Canada,282,José,Edvaldo,Saraiva
Great Bicycle Supply,Moline,Illinois,United States,277,Jillian,NULL,Carson
Eastside Cycle Shop,Melbourne,Victoria,Australia,286,Lynn,N,Tsoflias
Utilitarian Sporting Goods,Ogden,Utah,United States,281,Shu,K,Ito
Variety Cycling,London,England,United Kingdom,289,Jae,B,Pak
"Fabrikam Inc., West",Novi,Michigan,United States,275,Michael,G,Blythe
Thrilling Bike Tours,Santa Fe,New Mexico,United States,276,Linda,C,Mitchell
Major Cycling,Richmond,British Columbia,Canada,282,José,Edvaldo,Saraiva
Commendable Bikes,Sandpoint,Idaho,United States,283,David,R,Campbell
Metropolitan Sports Supply,Fremont,California,United States,281,Shu,K,Ito
Grand Bicycle Stores,Baytown,Texas,United States,277,Jillian,NULL,Carson
Rugged Bikes,Everett,Washington,United States,283,David,R,Campbell
Authorized Bike Sales and Rental,Renton,Washington,United States,280,Pamela,O,Ansman-Wolfe
Roving Sports,Puyallup,Washington,United States,280,Pamela,O,Ansman-Wolfe
Safe Toys,Rio Rancho,New Mexico,United States,281,Shu,K,Ito
One Bike Company,Montreal,Quebec,Canada,282,José,Edvaldo,Saraiva
Steel Inc.,Colombes,Hauts de Seine,France,290,Ranjit,R,Varkey Chudukatil
Journey Sporting Goods,Laredo,Texas,United States,277,Jillian,NULL,Carson
Racing Sales and Service,Orleans,Loiret,France,290,Ranjit,R,Varkey Chudukatil
Resident Cycle Shop,Hixson,Tennessee,United States,279,Tsvi,Michael,Reiter
Specialty Sports Store,Fort Worth,Texas,United States,277,Jillian,NULL,Carson
Refined Department Stores,Vancouver,British Columbia,Canada,282,José,Edvaldo,Saraiva
Sharp Bikes,Toronto,Ontario,Canada,282,José,Edvaldo,Saraiva
Getaway Inn,Saint Ouen,Loir et Cher,France,290,Ranjit,R,Varkey Chudukatil
Associated Bikes,Salt Lake City,Utah,United States,281,Shu,K,Ito
Fleet Bikes,Stockton,California,United States,276,Linda,C,Mitchell
Greater Bike Store,Toronto,Ontario,Canada,282,José,Edvaldo,Saraiva
Active Life Toys,Mississauga,Ontario,Canada,282,José,Edvaldo,Saraiva
Golf and Cycle Store,La Mesa,California,United States,281,Shu,K,Ito
Plastic Products Manufacturers,Hawthorne,Queensland,Australia,286,Lynn,N,Tsoflias
Futuristic Sport Distributors,Longmont,Colorado,United States,281,Shu,K,Ito
Sports Merchandise,Klamath Falls,Oregon,United States,280,Pamela,O,Ansman-Wolfe
Another Sporting Goods Company,Westminster,Colorado,United States,276,Linda,C,Mitchell
Western Bike Supplies,Cedar City,Utah,United States,281,Shu,K,Ito
Another Bicycle Company,Milwaukie,Oregon,United States,283,David,R,Campbell
Racing Supply Distributors,Roissy en Brie,Seine et Marne,France,290,Ranjit,R,Varkey Chudukatil
Scratch-Resistant Finishes Company,Mississauga,Ontario,Canada,282,José,Edvaldo,Saraiva
Two-Seater Bikes,Plano,Texas,United States,277,Jillian,NULL,Carson
Professional Sales and Service,Van Nuys,California,United States,276,Linda,C,Mitchell
Topnotch Bikes,Montgomery,Alabama,United States,279,Tsvi,Michael,Reiter
Cycle Merchants,Quebec,Quebec,Canada,278,Garrett,R,Vargas
Wholesale Bikes,Randolph,Massachusetts,United States,275,Michael,G,Blythe
Express Bike Services,London,England,United Kingdom,289,Jae,B,Pak
Valley Bicycle Distributors,Citrus Heights,California,United States,281,Shu,K,Ito
Sundry Sporting Goods,Vancouver,British Columbia,Canada,282,José,Edvaldo,Saraiva
Rural Department Store,Pleasanton,California,United States,281,Shu,K,Ito
Quick Delivery Service,Mississauga,Ontario,Canada,278,Garrett,R,Vargas
Riverside Company,Oberlin,Ohio,United States,275,Michael,G,Blythe
Seats and Saddles Company,Kingston,Ontario,Canada,278,Garrett,R,Vargas
Outdoor Equipment Store,Nashua,New Hampshire,United States,275,Michael,G,Blythe
Second Bike Shop,Matraville,New South Wales,Australia,286,Lynn,N,Tsoflias
Central Bicycle Specialists,Maidenhead,England,United Kingdom,289,Jae,B,Pak
Metro Sports Equipment,Saint Ouen,Loir et Cher,France,290,Ranjit,R,Varkey Chudukatil
Large Bike Shop,Montreal,Quebec,Canada,278,Garrett,R,Vargas
Requisite Part Supply,Ottawa,Ontario,Canada,282,José,Edvaldo,Saraiva
Bike World,San Ramon,California,United States,281,Shu,K,Ito
Discount Tours,Daly City,California,United States,281,Shu,K,Ito
Our Sporting Goods Store,Ottawa,Ontario,Canada,282,José,Edvaldo,Saraiva
A Great Bicycle Company,Jefferson City,Missouri,United States,277,Jillian,NULL,Carson
Pedals Warehouse,Suwanee,Georgia,United States,279,Tsvi,Michael,Reiter
Main Bicycle Services,Hayward,California,United States,276,Linda,C,Mitchell
Reliable Retail Center,Toronto,Ontario,Canada,278,Garrett,R,Vargas
Township Inn,Les Ulis,Essonne,France,290,Ranjit,R,Varkey Chudukatil
Finished Parts Shop,Suresnes,Hauts de Seine,France,290,Ranjit,R,Varkey Chudukatil
Mechanical Sports Center,Cincinnati,Ohio,United States,275,Michael,G,Blythe
Extras Sporting Goods,Chicago,Illinois,United States,277,Jillian,NULL,Carson
Permanent Finish Products,Reno,Nevada,United States,281,Shu,K,Ito
Wheelsets Storehouse,Kittery,Maine,United States,275,Michael,G,Blythe
Tandem Sales and Service,Toronto,Ontario,Canada,278,Garrett,R,Vargas
Largest Bike Store,Chicago,Illinois,United States,277,Jillian,NULL,Carson
Bikes for Two,Richmond Hill,Ontario,Canada,282,José,Edvaldo,Saraiva
Weekend Bike Tours,San Jose,California,United States,281,Shu,K,Ito
Classic Cycle Store,Milford,Connecticut,United States,275,Michael,G,Blythe
National Manufacturing,Toronto,Ontario,Canada,278,Garrett,R,Vargas
Sensational Discount Store,Kannapolis,North Carolina,United States,279,Tsvi,Michael,Reiter
Grand Industries,Montreal,Quebec,Canada,278,Garrett,R,Vargas
Rural Cycle Emporium,Burnaby,British Columbia,Canada,282,José,Edvaldo,Saraiva
Finer Mart,Billings,Montana,United States,283,David,R,Campbell
Acceptable Sales & Service,Calgary,Alberta,Canada,282,José,Edvaldo,Saraiva
A Bicycle Association,De Witt,New York,United States,275,Michael,G,Blythe
Beneficial Exercises and Activities,San Antonio,Texas,United States,277,Jillian,NULL,Carson
Online Bike Catalog,Lavender Bay,New South Wales,Australia,286,Lynn,N,Tsoflias
Uncompromising Quality Co,North Ryde,New South Wales,Australia,286,Lynn,N,Tsoflias
Leisure Activities,Hull,Quebec,Canada,282,José,Edvaldo,Saraiva
Functional Store North,Altamonte Springs,Florida,United States,279,Tsvi,Michael,Reiter
Fun Toys and Bikes,Tucson,Arizona,United States,281,Shu,K,Ito
Wholesale Parts,Calgary,Alberta,Canada,282,José,Edvaldo,Saraiva
Excellent Riding Supplies,Memphis,Tennessee,United States,279,Tsvi,Michael,Reiter
Pedal Systems Company,Florence,Alabama,United States,279,Tsvi,Michael,Reiter
World of Bikes,Saint Louis,Missouri,United States,277,Jillian,NULL,Carson
Family Cycle Store,Montreal,Quebec,Canada,278,Garrett,R,Vargas
Moderately-Priced Bikes Store,Renton,Washington,United States,280,Pamela,O,Ansman-Wolfe
Consumer Equipment,London,England,United Kingdom,289,Jae,B,Pak
Price-Cutter Discount Bikes,Brossard,Quebec,Canada,282,José,Edvaldo,Saraiva
Future Bikes,Calgary,Alberta,Canada,282,José,Edvaldo,Saraiva
Tire Company,Warwick,Rhode Island,United States,275,Michael,G,Blythe
Retail Sporting Goods,Las Vegas,Nevada,United States,281,Shu,K,Ito
Mountain Bike Center,Newark,California,United States,281,Shu,K,Ito
Neighborhood Store,Burnaby,British Columbia,Canada,278,Garrett,R,Vargas
Online Bike Sellers,Midland,Michigan,United States,275,Michael,G,Blythe
Kickstand Sellers,Westland,Michigan,United States,275,Michael,G,Blythe
Perfect Toys,Colomiers,Garonne (Haute),France,290,Ranjit,R,Varkey Chudukatil
Neighborhood Bicycle Storehouse,Roncq,Nord,France,290,Ranjit,R,Varkey Chudukatil
Area Bike Accessories,Modesto,California,United States,281,Shu,K,Ito
Exotic Bikes,South Bend,Indiana,United States,275,Michael,G,Blythe
General Bike Corporation,Mississauga,Ontario,Canada,278,Garrett,R,Vargas
Bicycle Lines Distributors,Saint Louis,Missouri,United States,277,Jillian,NULL,Carson
Accessories Network,Paris,Seine (Paris),France,290,Ranjit,R,Varkey Chudukatil
City Cycling,Winnipeg,Manitoba,Canada,282,José,Edvaldo,Saraiva
Nuts and Bolts Mfg.,Toronto,Ontario,Canada,278,Garrett,R,Vargas
Economy Center,Toronto,Ontario,Canada,282,José,Edvaldo,Saraiva
Extended Tours,London,England,United Kingdom,289,Jae,B,Pak
Little Sports Center,York,England,United Kingdom,289,Jae,B,Pak
Immense Manufacturing Company,Saint Ann,Missouri,United States,277,Jillian,NULL,Carson
Workout Emporium,Montreal,Quebec,Canada,282,José,Edvaldo,Saraiva
Sellers of Cycles,Clackamas,Oregon,United States,280,Pamela,O,Ansman-Wolfe
Eastside Parts Shop,Toronto,Ontario,Canada,282,José,Edvaldo,Saraiva
Successful Sales Company,Tigard,Oregon,United States,280,Pamela,O,Ansman-Wolfe
Locks Company,Visalia,California,United States,281,Shu,K,Ito
Country Parts Shop,Les Ulis,Essonne,France,290,Ranjit,R,Varkey Chudukatil
Coho Sports,Everett,Washington,United States,283,David,R,Campbell
Economy Bikes Company,Bell Gardens,California,United States,276,Linda,C,Mitchell
Totes & Baskets Company,San Antonio,Texas,United States,277,Jillian,NULL,Carson
Downhill Bicycle Specialists,Berks,England,United Kingdom,289,Jae,B,Pak
Fitness Hotel,Edina,Minnesota,United States,277,Jillian,NULL,Carson
Friendly Bike Shop,Bellingham,Washington,United States,283,David,R,Campbell
Friendly Bike Shop,Bellingham,Washington,United States,275,Michael,G,Blythe
Plastic Parts Company,Waterloo,Ontario,Canada,278,Garrett,R,Vargas
Fashionable Department Stores,New Hartford,New York,United States,275,Michael,G,Blythe
Alpine Ski House,Elk Grove,California,United States,276,Linda,C,Mitchell
Wingtip Toys,Kennewick,Washington,United States,283,David,R,Campbell
Travel Sports,Issaquah,Washington,United States,280,Pamela,O,Ansman-Wolfe
Fitness Supplies,Sequim,Washington,United States,280,Pamela,O,Ansman-Wolfe
Atypical Bike Company,Paris,Seine (Paris),France,290,Ranjit,R,Varkey Chudukatil
Capable Sales and Service,Seattle,Washington,United States,280,Pamela,O,Ansman-Wolfe
Two Wheels Cycle Store,San Francisco,California,United States,276,Linda,C,Mitchell
Metal Processing Company,Montreal,Quebec,Canada,278,Garrett,R,Vargas
Reliable Brake Systems,Memphis,Tennessee,United States,279,Tsvi,Michael,Reiter
Exchange Parts Inc.,Raleigh,North Carolina,United States,279,Tsvi,Michael,Reiter
Real Sporting Goods,Phoenix,Arizona,United States,281,Shu,K,Ito
Extreme Toy Store,Birmingham,Alabama,United States,279,Tsvi,Michael,Reiter
Fitness Department Stores,Scottsdale,Arizona,United States,281,Shu,K,Ito
Genuine Bike Shop,San Antonio,Texas,United States,277,Jillian,NULL,Carson
Fourth Bike Store,Mentor,Ohio,United States,275,Michael,G,Blythe
Juvenile Sports Equipment,Merritt Island,Florida,United States,279,Tsvi,Michael,Reiter
Initial Bike Company,Westminster,Colorado,United States,281,Shu,K,Ito
Blue-Ribbon Bike Company,Saint Matthews,Kentucky,United States,279,Tsvi,Michael,Reiter
Progressive Sports,Renton,Washington,United States,283,David,R,Campbell
Sure & Reliable Sporting Goods,Longview,Washington,United States,283,David,R,Campbell
Exemplary Cycles,Miami,Florida,United States,279,Tsvi,Michael,Reiter
Modular Cycle Systems,Austin,Texas,United States,277,Jillian,NULL,Carson
Industrial Supplies,Miami,Florida,United States,279,Tsvi,Michael,Reiter
Countryside Company,Bountiful,Utah,United States,276,Linda,C,Mitchell
Acclaimed Bicycle Company,Mcdonough,Georgia,United States,279,Tsvi,Michael,Reiter
Variety Bike Outlet,Miami,Florida,United States,279,Tsvi,Michael,Reiter
Unusual Bicycle Company,Silverwater,New South Wales,Australia,286,Lynn,N,Tsoflias
Underglaze and Finish Company,Charlotte,North Carolina,United States,279,Tsvi,Michael,Reiter
Superlative Bikes,Miami,Florida,United States,279,Tsvi,Michael,Reiter
Fun Times Club,Parker,Colorado,United States,281,Shu,K,Ito
Catalog Store,Zeeland,Michigan,United States,275,Michael,G,Blythe
Rally Master Company Inc,Chandler,Arizona,United States,281,Shu,K,Ito
All Cycle Shop,Bothell,Washington,United States,280,Pamela,O,Ansman-Wolfe
Recreation Supplies,Kendall,Florida,United States,279,Tsvi,Michael,Reiter
Metropolitan Equipment,Paris,Seine (Paris),France,290,Ranjit,R,Varkey Chudukatil
Eastside Sporting Goods,Indianapolis,Indiana,United States,275,Michael,G,Blythe
Chic Department Stores,Irving,Texas,United States,277,Jillian,NULL,Carson
Pretty Bikes and Toys,Paris,Seine (Paris),France,290,Ranjit,R,Varkey Chudukatil
Security Racks and Locks Wholesalers,Sparks,Nevada,United States,281,Shu,K,Ito
Elite Bikes,Dallas,Texas,United States,277,Jillian,NULL,Carson
Racing Toys,Phoenix,Arizona,United States,281,Shu,K,Ito
General Industries,Calgary,Alberta,Canada,282,José,Edvaldo,Saraiva
Bulk Discount Store,London,England,United Kingdom,289,Jae,B,Pak
Convenient Sales and Service,Springfield,Oregon,United States,280,Pamela,O,Ansman-Wolfe
Big Cycle Mall,Killeen,Texas,United States,277,Jillian,NULL,Carson
Paints and Solvents Company,Englewood,Colorado,United States,281,Shu,K,Ito
Home Town Bike Store,Ottawa,Ontario,Canada,278,Garrett,R,Vargas
Lubricant and Grease Suppliers,Rocky Mount,North Carolina,United States,279,Tsvi,Michael,Reiter
Primary Bike Distributors,Montreal,Quebec,Canada,278,Garrett,R,Vargas
General Supplies,Ville De'anjou,Quebec,Canada,282,José,Edvaldo,Saraiva
Commercial Sporting Goods,Modesto,California,United States,281,Shu,K,Ito
Tread Industries,Orlando,Florida,United States,279,Tsvi,Michael,Reiter
Top Bike Market,Kingston,Ontario,Canada,278,Garrett,R,Vargas
Sports Products Store,Lieusaint,Seine et Marne,France,276,Linda,C,Mitchell
Sports Products Store,Lieusaint,Seine et Marne,France,290,Ranjit,R,Varkey Chudukatil
Rural Mountain Bike Mart,Paris,Seine (Paris),France,290,Ranjit,R,Varkey Chudukatil
Unified Sports Company,Sarasota,Florida,United States,279,Tsvi,Michael,Reiter
Rich Department Store,Lane Cove,New South Wales,Australia,286,Lynn,N,Tsoflias
Authentic Sales and Service,London,England,United Kingdom,289,Jae,B,Pak
Incomparable Bicycle Store,Norwood,Massachusetts,United States,275,Michael,G,Blythe
Hardware Components,Minneapolis,Minnesota,United States,277,Jillian,NULL,Carson
Red Bicycle Company,Pnot-Rouge,Quebec,Canada,282,José,Edvaldo,Saraiva
Bikes for Kids and Adults,Etobicoke,Ontario,Canada,282,José,Edvaldo,Saraiva
Farthermost Bike Shop,Carson,California,United States,281,Shu,K,Ito
Leather Seat Factory,Brossard,Quebec,Canada,282,José,Edvaldo,Saraiva
Grease and Oil Products Company,Houston,Texas,United States,277,Jillian,NULL,Carson
Westside Plaza,Sand City,California,United States,281,Shu,K,Ito
Official Parts Shop,Kelso,Washington,United States,280,Pamela,O,Ansman-Wolfe
Big-Time Bike Store,Camarillo,California,United States,281,Shu,K,Ito
Superb Sales and Repair,Montreal,Quebec,Canada,278,Garrett,R,Vargas
Rapid Bikes,Toronto,Ontario,Canada,282,José,Edvaldo,Saraiva
Wheel Gallery,San Mateo,California,United States,281,Shu,K,Ito
Full-Service Bike Store,Pontiac,Michigan,United States,275,Michael,G,Blythe
Trusted Catalog Store,Newport News,Virginia,United States,275,Michael,G,Blythe
Endurance Bikes,Hamden,Connecticut,United States,275,Michael,G,Blythe
Traction Tire Company,Torrance,California,United States,276,Linda,C,Mitchell
Brakes and Gears,Tooele,Utah,United States,276,Linda,C,Mitchell
Stock Parts and Supplies,Hillsboro,Oregon,United States,283,David,R,Campbell
Prosperous Tours,London,England,United Kingdom,289,Jae,B,Pak
Center Cycle Shop,Bothell,Washington,United States,280,Pamela,O,Ansman-Wolfe
Retread Tire Company,Augusta,Georgia,United States,279,Tsvi,Michael,Reiter
Suburban Cycle Shop,Troutdale,Oregon,United States,283,David,R,Campbell
Good Bike Shop,Racine,Wisconsin,United States,277,Jillian,NULL,Carson
Genial Bike Associates,Humble,Texas,United States,277,Jillian,NULL,Carson
Courteous Bicycle Specialists,Richmond Hill,Ontario,Canada,282,José,Edvaldo,Saraiva
Vigorous Exercise Company,Toronto,Ontario,Canada,282,José,Edvaldo,Saraiva
Bike Dealers Association,Las Cruces,New Mexico,United States,281,Shu,K,Ito
Selected Distributors,Marietta,Georgia,United States,279,Tsvi,Michael,Reiter
Fasteners & Bolts Outlet,Toronto,Ontario,Canada,278,Garrett,R,Vargas
Immediate Repair Shop,Stamford,Connecticut,United States,275,Michael,G,Blythe
Good Toys,Auburn,California,United States,276,Linda,C,Mitchell
Field Trip Inc,Southfield,Michigan,United States,275,Michael,G,Blythe
Painters Bicycle Specialists,Waterbury,Connecticut,United States,275,Michael,G,Blythe
Standard Bikes,Barrie,Ontario,Canada,282,José,Edvaldo,Saraiva
Cycling Goods,London,England,United Kingdom,289,Jae,B,Pak
Novelty Bikes,Saginaw,Michigan,United States,275,Michael,G,Blythe
Major Sporting Goods,Chandler,Arizona,United States,276,Linda,C,Mitchell
Grand Sport Boutique,Saginaw,Michigan,United States,275,Michael,G,Blythe
Rental Bikes,Dallas,Texas,United States,277,Jillian,NULL,Carson
Tire Exchange,Ottawa,Ontario,Canada,282,José,Edvaldo,Saraiva
Elemental Sporting Goods,Decatur,Georgia,United States,279,Tsvi,Michael,Reiter
Famous Bike Shop,Vancouver,Ontario,Canada,278,Garrett,R,Vargas
Eastside Department Store,Union City,California,United States,276,Linda,C,Mitchell
Active Systems,Duluth,Minnesota,United States,277,Jillian,NULL,Carson
Quick Parts and Service,Sainte-Foy,Quebec,Canada,278,Garrett,R,Vargas
Glossy Bikes,Lake George,New York,United States,275,Michael,G,Blythe
Versatile Sporting Goods Company,Braunschweig,Nordrhein-Westfalen,Germany,288,Rachel,B,Valdez
Mechanical Brake Manufacturers,München,Hamburg,Germany,288,Rachel,B,Valdez
Primary Cycle Shop,Hamburg,Hamburg,Germany,288,Rachel,B,Valdez
Speedometer Sales,Hamburg,Hessen,Germany,288,Rachel,B,Valdez
Bikes Anyone?,Saugus,Massachusetts,United States,275,Michael,G,Blythe
Mountain Bike Store,New Haven,Connecticut,United States,275,Michael,G,Blythe
Professional Cycle Store,Phoenix,Arizona,United States,281,Shu,K,Ito
Larger Cycle Shop,Melville,New York,United States,275,Michael,G,Blythe
Rural Sporting Goods,Bonn,Nordrhein-Westfalen,Germany,288,Rachel,B,Valdez
Fitness Toys,Berlin,Hamburg,Germany,288,Rachel,B,Valdez
North Bike Company,Muehlheim,Hamburg,Germany,288,Rachel,B,Valdez
Vigorous Sports Store,Oxon,England,United Kingdom,289,Jae,B,Pak
Daring Rides,Clearwater,Florida,United States,279,Tsvi,Michael,Reiter
Retail Cycle Shop,Eureka,California,United States,276,Linda,C,Mitchell
Brightwork Company,Las Vegas,Nevada,United States,281,Shu,K,Ito
Valuable Bike Parts Company,Orlando,Florida,United States,279,Tsvi,Michael,Reiter
Global Plaza,Pigeon Forge,Tennessee,United States,279,Tsvi,Michael,Reiter
Best Cycle Store,Offenbach,Saarland,Germany,288,Rachel,B,Valdez
Raw Materials Inc,Redmond,Washington,United States,280,Pamela,O,Ansman-Wolfe
Valley Bicycle Specialists,Kansas City,Missouri,United States,277,Jillian,NULL,Carson
Citywide Service and Repair,Saint John,Brunswick,Canada,282,José,Edvaldo,Saraiva
Nearby Sporting Goods,W. York,England,United Kingdom,289,Jae,B,Pak
Rampart Amusement Company,W. York,England,United Kingdom,289,Jae,B,Pak
Amalgamated Parts Shop,Frankfurt am Main,Hamburg,Germany,288,Rachel,B,Valdez
Next Door Cycles,Berlin,Saarland,Germany,288,Rachel,B,Valdez
Guaranteed Sales and Service,Burbank,Ohio,United States,275,Michael,G,Blythe
Rustic Bike Store,Augsburg,Bayern,Germany,288,Rachel,B,Valdez
Capital Riding Supplies,Augsburg,Hamburg,Germany,288,Rachel,B,Valdez
Hometown Riding Supplies,Berlin,Brandenburg,Germany,288,Rachel,B,Valdez
The Commissary,Outremont,Quebec,Canada,282,José,Edvaldo,Saraiva
Nearby Cycle Shop,West Sussex,England,United Kingdom,289,Jae,B,Pak
Exclusive Bicycle Mart,Lancaster,England,United Kingdom,289,Jae,B,Pak
Wonderful Bikes Inc.,Memphis,Tennessee,United States,279,Tsvi,Michael,Reiter
Reasonable Bicycle Sales,Greeley,Colorado,United States,281,Shu,K,Ito
Pro Sporting Goods,Camarillo,California,United States,276,Linda,C,Mitchell
Consolidated Sales,Gaffney,South Carolina,United States,279,Tsvi,Michael,Reiter
Little Bicycle Supply Shop,Mosinee,Wisconsin,United States,277,Jillian,NULL,Carson
First Supplies,North Ryde,New South Wales,Australia,286,Lynn,N,Tsoflias
Bicycle Outfitters,Cincinnati,Ohio,United States,275,Michael,G,Blythe
Hardware Components,Minneapolis,Minnesota,United States,277,Jillian,NULL,Carson
Pedaling Components,Kiel,Saarland,Germany,288,Rachel,B,Valdez
Lease-a-Bike Shop,Milford,Connecticut,United States,275,Michael,G,Blythe
Small Bike Accessories Shop,Cheektowaga,New York,United States,275,Michael,G,Blythe
Small Bike Shop,El Segundo,California,United States,281,Shu,K,Ito
Sales and Supply Company,Chantilly,Virginia,United States,275,Michael,G,Blythe
Coalition Bike Company,El Segundo,California,United States,281,Shu,K,Ito
Paint Supply,Garland,Texas,United States,277,Jillian,NULL,Carson
Global Sports Outlet,Lavender Bay,New South Wales,Australia,286,Lynn,N,Tsoflias
Nearest Bike Store,North Ryde,New South Wales,Australia,286,Lynn,N,Tsoflias
Retail Toy Store,Miami,Florida,United States,279,Tsvi,Michael,Reiter
Fitness Sport Boutique,Kittery,Maine,United States,275,Michael,G,Blythe
Tenth Bike Store,Sillery,Quebec,Canada,282,José,Edvaldo,Saraiva
Front Runner Bikes,Bradenton,Florida,United States,279,Tsvi,Michael,Reiter
Remarkable Bike Store,Las Vegas,Nevada,United States,276,Linda,C,Mitchell
"Great Bikes ",Casper,Wyoming,United States,283,David,R,Campbell
Bike Rims Company,Biloxi,Mississippi,United States,279,Tsvi,Michael,Reiter
Uttermost Bike Shop,Bracknell,England,United Kingdom,289,Jae,B,Pak
Number One Bike Co.,Reading,England,United Kingdom,289,Jae,B,Pak
Showcase for Cycles,Sulzbach Taunus,Saarland,Germany,288,Rachel,B,Valdez
Number 1 Supply,Escondido,California,United States,281,Shu,K,Ito
Distinctive Store,Barstow,California,United States,281,Shu,K,Ito
Black Bicycle Company,Branson,Missouri,United States,277,Jillian,NULL,Carson
Activity Center,Crossville,Tennessee,United States,279,Tsvi,Michael,Reiter
Retail Sporting Equipment,Mesa,Arizona,United States,281,Shu,K,Ito
Chain and Chain Tool Distributions,Smithfield,North Carolina,United States,279,Tsvi,Michael,Reiter
Regional Manufacturing,Tucson,Arizona,United States,281,Shu,K,Ito
"Contoso, Ltd.",San Antonio,Texas,United States,277,Jillian,NULL,Carson
Mountain Toy Store,Sugar Land,Texas,United States,277,Jillian,NULL,Carson
Worthwhile Activity Store,Miami,Florida,United States,279,Tsvi,Michael,Reiter
Ultimate Bike Shop,Maryville,Tennessee,United States,279,Tsvi,Michael,Reiter
Sporting Goods and Bicycle Shop,Kingsport,Tennessee,United States,279,Tsvi,Michael,Reiter
Global Sporting Goods,Stafford,Texas,United States,277,Jillian,NULL,Carson
Resale Services,Culver City,California,United States,276,Linda,C,Mitchell
Some Discount Store,Cheyenne,Wyoming,United States,280,Pamela,O,Ansman-Wolfe
Tiny Bike Boutique,Nashville,Tennessee,United States,279,Tsvi,Michael,Reiter
Riding Cycles,Liverpool,England,United Kingdom,289,Jae,B,Pak
Exhibition Showroom,Milton Keynes,England,United Kingdom,289,Jae,B,Pak
Closest Bicycle Store,Milton Keynes,England,United Kingdom,289,Jae,B,Pak
Latest Accessories Sales,Portland,Oregon,United States,283,David,R,Campbell
Leading Bike Distributors,Somerset,Kentucky,United States,279,Tsvi,Michael,Reiter
Metropolitan Sales and Rental,Hooksett,New Hampshire,United States,275,Michael,G,Blythe
Independent Outlet,Clay,New York,United States,275,Michael,G,Blythe
Outdoor Sports Supply,North Bend,Washington,United States,280,Pamela,O,Ansman-Wolfe
Traditional Department Stores,Valley Stream,New York,United States,275,Michael,G,Blythe
eCommerce Bikes,Gulfport,Mississippi,United States,279,Tsvi,Michael,Reiter
Teen Discount Store,Bonn,Hamburg,Germany,288,Rachel,B,Valdez
The New Bike Store,Hanford,California,United States,276,Linda,C,Mitchell
Excellent Bikes,Grevenbroich,Bayern,Germany,288,Rachel,B,Valdez
Bicycle Exporters,Essen,Hamburg,Germany,288,Rachel,B,Valdez
Links Works,Ascheim,Hamburg,Germany,288,Rachel,B,Valdez
A Cycle Shop,Albany,Oregon,United States,283,David,R,Campbell
Hobby Store,Orlando,Florida,United States,279,Tsvi,Michael,Reiter
New Bikes Company,Bluffton,South Carolina,United States,279,Tsvi,Michael,Reiter
Nonskid Tire Company,Great Falls,Montana,United States,280,Pamela,O,Ansman-Wolfe
Major Equipment Co,Salzgitter,Hessen,Germany,288,Rachel,B,Valdez
Practical Bike Supply Company,Woodbury,Minnesota,United States,277,Jillian,NULL,Carson
Small Cycle Store,Holland,Michigan,United States,275,Michael,G,Blythe
Blue Bicycle Company,Monroe,Michigan,United States,275,Michael,G,Blythe
Sunny Place Bikes,Vero Beach,Florida,United States,279,Tsvi,Michael,Reiter
Preferred Bikes,Ontario,California,United States,276,Linda,C,Mitchell
Active Cycling,Heath,Ohio,United States,275,Michael,G,Blythe
Grand Discount Store,Daleville,Indiana,United States,275,Michael,G,Blythe
Sports Store,Cambridge,England,United Kingdom,289,Jae,B,Pak
The Bike Mechanics,Mansfield,Ohio,United States,275,Michael,G,Blythe
Friendly Neighborhood Bikes,Johnson Creek,Wisconsin,United States,277,Jillian,NULL,Carson
First Bike Store,Odessa,Missouri,United States,277,Jillian,NULL,Carson
Bicycle Warehouse Inc.,Frankfurt am Main,Saarland,Germany,288,Rachel,B,Valdez
Regional Cycle Shop,Berlin,Hessen,Germany,288,Rachel,B,Valdez
Exhilarating Cycles,Howell,Michigan,United States,275,Michael,G,Blythe
Top of the Line Bikes,Paderborn,Hamburg,Germany,288,Rachel,B,Valdez
Channel Outlet,High Wycombe,England,United Kingdom,289,Jae,B,Pak
Fast Services,Leipzig,Nordrhein-Westfalen,Germany,288,Rachel,B,Valdez
Global Bike Retailers,Bad Soden,Hessen,Germany,288,Rachel,B,Valdez
West Wind Distributors,Hannover,Nordrhein-Westfalen,Germany,288,Rachel,B,Valdez
Enterprise Center,München,Hessen,Germany,288,Rachel,B,Valdez
Lustrous Paints and Components,Poing,Saarland,Germany,288,Rachel,B,Valdez
Very Best Sports Supply,Duesseldorf,Hessen,Germany,288,Rachel,B,Valdez
Affordable Sports Equipment,Lake Elsinore,California,United States,281,Shu,K,Ito
Retail Sales and Service,Tilton,New Hampshire,United States,275,Michael,G,Blythe
Cash & Carry Bikes,Cedar Park,Texas,United States,277,Jillian,NULL,Carson
Outdoor Sporting Goods,Lakewood,California,United States,281,Shu,K,Ito
Bike Experts,Salem,Oregon,United States,280,Pamela,O,Ansman-Wolfe
Clamps & Brackets Co.,Leesburg,Virginia,United States,275,Michael,G,Blythe
Fast Bike Works,South Melbourne,Victoria,Australia,286,Lynn,N,Tsoflias
Preferable Bikes,Rhodes,New South Wales,Australia,286,Lynn,N,Tsoflias
List Price Catalog Company,Melbourne,Victoria,Australia,286,Lynn,N,Tsoflias
Sensible Sports,Rhodes,New South Wales,Australia,286,Lynn,N,Tsoflias
Mass Market Bikes,Alexandria,New South Wales,Australia,286,Lynn,N,Tsoflias
Major Bicycle Store,Matraville,New South Wales,Australia,286,Lynn,N,Tsoflias
Fitness Bike Accessories,Rhodes,New South Wales,Australia,286,Lynn,N,Tsoflias
Eastward Bike Accessories,Matraville,New South Wales,Australia,286,Lynn,N,Tsoflias
Popular Bike Lines,Newcastle,New South Wales,Australia,286,Lynn,N,Tsoflias
Cycle Parts and Accessories,Melbourne,Victoria,Australia,286,Lynn,N,Tsoflias
Fitness Discount Store,Melbourne,Victoria,Australia,286,Lynn,N,Tsoflias
Vast Bike Sales and Rental,Chehalis,Washington,United States,280,Pamela,O,Ansman-Wolfe
Bicycle Accessories and Kits,Lewiston,Idaho,United States,283,David,R,Campbell
"Helpful Sales and Repair Service ",Seaford,Victoria,Australia,286,Lynn,N,Tsoflias
Solid Bike Parts,Arlington,Texas,United States,277,Jillian,NULL,Carson
Recreation Systems,Logansport,Indiana,United States,275,Michael,G,Blythe
Maintenance and Repair for Bicycles,La Marque,Texas,United States,277,Jillian,NULL,Carson
Next-Door Bike Store,Memphis,Tennessee,United States,279,Tsvi,Michael,Reiter
Wire Baskets and Parts,Orange,California,United States,276,Linda,C,Mitchell
Rural Sales and Service,San Antonio,Texas,United States,277,Jillian,NULL,Carson
Tough and Reliable Parts,Lakeland,Florida,United States,279,Tsvi,Michael,Reiter
Roadway Bike Emporium,Medford,Oregon,United States,280,Pamela,O,Ansman-Wolfe
The Accessories Store,Medford,Minnesota,United States,277,Jillian,NULL,Carson
Principal Bike Company,Upland,California,United States,281,Shu,K,Ito
Quantity Discounts,Sacramento,California,United States,276,Linda,C,Mitchell
Executive Gift Store,New Castle,Indiana,United States,275,Michael,G,Blythe
Essential Bike Works,Abingdon,England,United Kingdom,289,Jae,B,Pak
Village Tours,Newport,Kentucky,United States,279,Tsvi,Michael,Reiter
Remote Bicycle Specialists,Quebec,Quebec,Canada,282,José,Edvaldo,Saraiva
Twelfth Bike Store,Edmonton,Alberta,Canada,282,José,Edvaldo,Saraiva
Vinyl and Plastic Goods Corporation,Toronto,Ontario,Canada,282,José,Edvaldo,Saraiva
Liquidation Sales,Perth,South Australia,Australia,286,Lynn,N,Tsoflias
Running and Cycling Gear,Bellingham,Washington,United States,283,David,R,Campbell
Client Discount Store,Chicago,Illinois,United States,277,Jillian,NULL,Carson
Nearby Bike Mall,Berlin,Nordrhein-Westfalen,Germany,288,Rachel,B,Valdez
Outstanding Cycles,Spokane,Washington,United States,283,David,R,Campbell
Flawless Bike Shop,Vista,California,United States,276,Linda,C,Mitchell
Exertion Activities Club,Norwalk,California,United States,281,Shu,K,Ito
Bike Universe,Vacaville,California,United States,281,Shu,K,Ito
All Seasons Sports Supply,Houston,Texas,United States,277,Jillian,NULL,Carson
A Typical Bike Shop,Round Rock,Texas,United States,277,Jillian,NULL,Carson
Racks and Security Systems,Sunrise,Florida,United States,279,Tsvi,Michael,Reiter
Technical Parts Manufacturing,Ontario,California,United States,281,Shu,K,Ito
Expert Cycle Store,St. Leonards,New South Wales,Australia,286,Lynn,N,Tsoflias
Thrifty Parts and Sales,Oxnard,California,United States,276,Linda,C,Mitchell
Region Bike Company,East Brisbane,Queensland,Australia,286,Lynn,N,Tsoflias
Two-Wheeled Transit Company,Winnipeg,Manitoba,Canada,282,José,Edvaldo,Saraiva
Town Industries,Dallas,Texas,United States,277,Jillian,NULL,Carson
Famous Bike Sales and Service,Endicott,New York,United States,275,Michael,G,Blythe
Quality Bike Sales,Findon,South Australia,Australia,286,Lynn,N,Tsoflias
Sturdy Toys,Gilroy,California,United States,281,Shu,K,Ito
Irregulars Outlet,Dresden,Hessen,Germany,288,Rachel,B,Valdez
Metropolitan Bicycle Supply,London,England,United Kingdom,289,Jae,B,Pak
Oils and Fluids Warehouse,London,England,United Kingdom,289,Jae,B,Pak
Distance Bikes,Clarkston,Georgia,United States,279,Tsvi,Michael,Reiter
Racing Association,Huntsville,Alabama,United States,279,Tsvi,Michael,Reiter
Metropolitan Manufacturing,El Cajon,California,United States,281,Shu,K,Ito
Vehicle Shop,Redlands,California,United States,281,Shu,K,Ito
Cycles and Scooters,Byron,Georgia,United States,279,Tsvi,Michael,Reiter
Noiseless Gear Company,Columbus,Georgia,United States,279,Tsvi,Michael,Reiter
Instruments and Parts Company,Gloucestershire,England,United Kingdom,289,Jae,B,Pak
Manufacturers Inc,Nashville,Tennessee,United States,279,Tsvi,Michael,Reiter
Metro Bike Mart,Greensboro,North Carolina,United States,279,Tsvi,Michael,Reiter
Sports Products Store,Santa Ana,California,United States,276,Linda,C,Mitchell
Sports Products Store,Santa Ana,California,United States,290,Ranjit,R,Varkey Chudukatil
Cross-town Parts Shop,Springwood,New South Wales,Australia,286,Lynn,N,Tsoflias
Unsurpassed Bikes,Dallas,Texas,United States,277,Jillian,NULL,Carson
Elite Bikes,Dallas,Texas,United States,277,Jillian,NULL,Carson
South Bike Company,Vancouver,British Columbia,Canada,278,Garrett,R,Vargas
Bike Boutique,Columbus,Ohio,United States,275,Michael,G,Blythe
Friendly Bike Shop,Port Huron,Michigan,United States,283,David,R,Campbell
Friendly Bike Shop,Port Huron,Michigan,United States,275,Michael,G,Blythe
Off-Price Bike Center,Berlin,Hessen,Germany,288,Rachel,B,Valdez
Producer Goods Clearinghouse,Frankfurt,Bayern,Germany,288,Rachel,B,Valdez
Racing Toys,Phoenix,Arizona,United States,281,Shu,K,Ito
Strong Metal Manufacturing,Ithaca,New York,United States,275,Michael,G,Blythe
Many Bikes Store,Fullerton,California,United States,281,Shu,K,Ito
Historic Bicycle Sales,Redford,Michigan,United States,275,Michael,G,Blythe
Bike Products and Accessories,Virginia Beach,Virginia,United States,275,Michael,G,Blythe
Summer Sports Place,Norridge,Illinois,United States,277,Jillian,NULL,Carson
Extreme Riding Supplies,Sherman Oaks,California,United States,276,Linda,C,Mitchell
Bold Bike Accessories,Loveland,Colorado,United States,276,Linda,C,Mitchell
Helmets and Cycles,Lavender Bay,New South Wales,Australia,286,Lynn,N,Tsoflias
Precision Gears Inc.,Stuttgart,Saarland,Germany,288,Rachel,B,Valdez
"Fabrikam Inc., East",Eilenburg,Brandenburg,Germany,288,Rachel,B,Valdez
Rambling Tours,Stuttgart,Saarland,Germany,288,Rachel,B,Valdez
Thorough Parts and Repair Services,Lacey,Washington,United States,280,Pamela,O,Ansman-Wolfe
Modern Bike Store,East Haven,Connecticut,United States,275,Michael,G,Blythe
Sparkling Paint and Finishes,San Ysidro,California,United States,276,Linda,C,Mitchell
Stationary Bikes and Stands,Round Rock,Texas,United States,277,Jillian,NULL,Carson
Qualified Sales and Repair Services,Savannah,Georgia,United States,279,Tsvi,Michael,Reiter
Cycles Wholesaler & Mfg.,Warrington,England,United Kingdom,289,Jae,B,Pak
Simple Bike Parts,Destin,Florida,United States,279,Tsvi,Michael,Reiter
Highway Bike Shop,Simi Valley,California,United States,281,Shu,K,Ito
Road-Way Mart,Missoula,Montana,United States,283,David,R,Campbell
Designer Department Stores,Hillsboro,Texas,United States,277,Jillian,NULL,Carson
Fashionable Bikes and Accessories,Park City,Utah,United States,281,Shu,K,Ito
Gift and Toy Store,Tuscola,Illinois,United States,277,Jillian,NULL,Carson
Expert Sports Store,Holland,Ohio,United States,275,Michael,G,Blythe
Yellow Bicycle Company,Saint Louis,Missouri,United States,277,Jillian,NULL,Carson
Seventh Bike Store,Plaistow,New Hampshire,United States,275,Michael,G,Blythe
Cross-Country Riding Supplies,Chalk Riber,Ontario,Canada,282,José,Edvaldo,Saraiva
Exercise Center,San Jose,California,United States,281,Shu,K,Ito
"Unicycles, Bicycles, and Tricycles",Downey,California,United States,281,Shu,K,Ito
Rural Bicycle Supply,North York,Ontario,Canada,282,José,Edvaldo,Saraiva
Retreat Inn,Waterloo,Ontario,Canada,282,José,Edvaldo,Saraiva
Sixth Bike Store,Surrey,British Columbia,Canada,282,José,Edvaldo,Saraiva
Low Price Cycles,Mississauga,Ontario,Canada,282,José,Edvaldo,Saraiva
Nice Bikes,Ottawa,Ontario,Canada,278,Garrett,R,Vargas
Serious Cycles,Calgary,Alberta,Canada,278,Garrett,R,Vargas
Riders Company,Branch,Minnesota,United States,277,Jillian,NULL,Carson
Extended Bike Sales,City Of Commerce,California,United States,276,Linda,C,Mitchell
The Cycle Store,Falls Church,Virginia,United States,275,Michael,G,Blythe
Fitness Cycling,Whittier,California,United States,281,Shu,K,Ito
Honest Repair Service,Kelso,Washington,United States,280,Pamela,O,Ansman-Wolfe
Budget Bike Company,Millington,Tennessee,United States,279,Tsvi,Michael,Reiter
Vale Riding Supplies,Canoga Park,California,United States,281,Shu,K,Ito
Extraordinary Bike Works,Mesquite,Texas,United States,277,Jillian,NULL,Carson
Convenient Bike Shop,Braintree,Massachusetts,United States,275,Michael,G,Blythe
Distinctive Cycles Sales & Service,Florence,Kentucky,United States,279,Tsvi,Michael,Reiter
Leisure Clearing House,Birmingham,England,United Kingdom,289,Jae,B,Pak
Quitting Business Distributors,Tampa,Florida,United States,279,Tsvi,Michael,Reiter
Brown Bicycle Company,San Diego,California,United States,281,Shu,K,Ito
Impromptu Trips,Union Gap,Washington,United States,283,David,R,Campbell
Timely Shipping Service,Alpine,California,United States,281,Shu,K,Ito
Functional Store South,München,Nordrhein-Westfalen,Germany,288,Rachel,B,Valdez
The Bicycle Accessories Company,Alhambra,California,United States,281,Shu,K,Ito
Exceptional Cycle Services,Basingstoke Hants,England,United Kingdom,289,Jae,B,Pak
Educational Services,Saarbrücken,Saarland,Germany,288,Rachel,B,Valdez
Mobile Outlet,Woonsocket,Rhode Island,United States,275,Michael,G,Blythe
Responsible Bike Dealers,Kansas City,Missouri,United States,277,Jillian,NULL,Carson
Action Bicycle Specialists,Woolston,England,United Kingdom,289,Jae,B,Pak
Parcel Express Delivery Service,Portland,Oregon,United States,283,David,R,Campbell
Super Sports Store,Indianapolis,Indiana,United States,275,Michael,G,Blythe
Good Bicycle Store,Sulzbach Taunus,Saarland,Germany,288,Rachel,B,Valdez
Parts Shop,La Grange,Georgia,United States,279,Tsvi,Michael,Reiter
Riding Excursions,Irvine,California,United States,276,Linda,C,Mitchell
Casual Bicycle Store,Nashua,New Hampshire,United States,275,Michael,G,Blythe
Commerce Bicycle Specialists,Berkshire,England,United Kingdom,289,Jae,B,Pak
Major Sport Suppliers,Rock Springs,Wyoming,United States,283,David,R,Campbell
Rodeway Bike Store,Münster,Saarland,Germany,288,Rachel,B,Valdez
Margie's Travel,Central Valley,New York,United States,275,Michael,G,Blythe
Purchase Mart,Wrentham,Massachusetts,United States,275,Michael,G,Blythe
Tachometers and Accessories,Milton Keynes,England,United Kingdom,289,Jae,B,Pak
